Voltage (V),S11_dB,S11_deg,S21_dB,S21_deg,S12_dB,S12_deg,S22_dB,S22_deg,IP3_dBm,P1dB_dBm,Noise_Figure_dB,S11_dB_std,S11_deg_std,S21_dB_std,S21_deg_std,S12_dB_std,S12_deg_std,S22_dB_std,S22_deg_std,IP3_dBm_std,P1dB_dBm_std,Noise_Figure_dB_std
3.0,-13.078453348970339,163.91903708330074,9.3354573699631,46.71981750981271,-13.982298481569703,37.00885042019229,-24.382340102087387,-86.13213515736568,36.607485884159516,19.72704852941843,0.9908852221872161,0.030426594500625407,0.12817402036223213,0.018934524901141846,0.05937899170525031,0.026096738461018253,0.1519575517159885,0.09073604681160276,0.6086117056605223,1.5689272941738768,0.03736684515951635,0.03307696584004512
5.0,-13.90235997386609,166.55052919775892,9.665499336581284,46.956564278551895,-14.590028752051255,38.63717809457697,-19.25209501300693,-58.68354184559581,46.53851922027504,22.447953000824608,1.0250949369010152,0.028018109952215115,0.11738962859175414,0.01773436323676115,0.05459289108551618,0.0238734737025709,0.14100596172240656,0.08429247803413038,0.5892320293488986,1.4653130121555091,0.0338335066111544,0.030926169236814936
